show_id,type,title,director,cast,country,date_added,release_year,rating,duration,genre
S0008,TV Show,1899,"Baran bo Odar, Jantje Friese","Emily Beecham, Aneurin Barnard, Andreas Muñoz",Germany,17-11-2022,2022,7.8,1 Season,Sci Fi
S0051,TV Show,13 Reasons Why,"Dylan Minutesnette, Katherine Langford, Alisha Boe","Jamie Lynn, Rachael Oliver, Jennifer Ballard",USA,31-03-2017,2015,8,4 Seasons,Mystery
S0274,Movie,13th,Alexander Obrien,"Anthony Douglas MD, Todd Brooks, Sandra Elliott, Jennifer Salinas, Antonio Harvey",USA,05-03-2020,2016,8.2,80 Minutes,Documentary
S0248,Movie,A Family Affair,Richard LaGravenese,"Sophia Orr, Emily Williams, Rachel Wilson",UK,01-01-2024,2024,6.2,98 Minutes,Romance
S0289,Movie,A Good American,Lee Brown,"Angela Moore, Rachel Turner, Danielle Morris, Debra Morales",USA,17-03-2023,2017,7.3,85 Minutes,True Crime
S0017,TV Show,A Good Girl's Guide to Murder,Dolly Wells,"Jason Murray, Gina Russo DDS, Margaret Hall, Robert Leonard",South Korea,01-08-2024,2024,8.2,1 Season,Mystery
S0260,Movie,A Jazzman's Blues,Tyler Perry,"Elizabeth Palmer, Ryan Diaz",India,31-08-2021,2022,7.4,127 Minutes,Drama
S0220,TV Show,A Model Family,Kim Jin-woo,"Jung Woo, Park Hee-soon, Yoon Jin Seo",South Korea,24-12-2021,2022,6.6,1 season,Thriller
S0296,Movie,A Night of Knowing Nothing,Stephen Jackson,"Nicole Flores, Nancy Monroe, Katherine Smith",USA,07-11-2024,2016,8,98 Minutes,Comedy
S0496,TV Show,Actually another final get point upon,Raymond Esparza,"Yolanda Logan, Kathleen Campbell, Laura Stone, Dale Silva",South Korea,27-06-2020,2003,7.9,4 Seasons,Comedy
S0487,TV Show,Address,Tiffany Coleman,"Cole White, Janice Nelson, Annette Thomas, Tanya Hudson, Sydney Shea",France,09-08-2021,2015,7.9,3 Seasons,Romance
S0146,Movie,Aelay,Anup Singh,"Sreeram, Nirmal Palazhi, Rony David",India,26-11-2021,2021,6.7,96 Minutes,Action
S0459,TV Show,After still travel,Adam Andrews,"Ashley Gibson, Rebecca Joseph, Cole Carpenter",Canada,01-01-2022,2001,7.9,1 Season,Thriller
S0421,TV Show,Again clear way,James Brown,"Michelle Barnes, Holly Kidd, Teresa Chapman",Canada,24-08-2022,2013,7.5,9 Seasons,Crime
S0429,TV Show,Against democratic,Christopher Brown,"Brandon Myers, Timothy Wong, Donald Nelson",Japan,29-02-2024,2008,6.5,6 Seasons,Thriller
S0332,Movie,Against the Tide,Ann Cruz,"Kenneth Tucker, Kyle Reed, Andrew Day, Tina Hart",Japan,15-02-2024,2022,8.1,82 Minutes,Action
S0431,TV Show,Agent care avoid,Jessica Ramsey,"Jesse Holland, Nathan Turner, Timothy Diaz, Amber Sims",USA,14-08-2024,2022,8.2,4 Seasons,Thriller
S0090,TV Show,Alexander: The Making of a God,James Smith,"Mr. Cory Nunez DVM, Randall Henson",UK,21-03-2020,2021,6.9,6 Seasons,Reality
S0228,TV Show,Alice,Baek Soo-chan,"Kim Hee-seon, Joo Won, Lee Da-in",South Korea,21-02-2024,2020,6.3,1 season,Action
S082,TV Show,A-List to Playlist,John Mayer,"Mr. Cory Nunez DVM, Randall Henson",Germany,06-07-2018,2022,7.6,2 Seasons,Reality
S0031,TV Show,All of Us Are Dead,"Lee Jae-kyoo, Kim Nam-su","Yoon Chan-young, Park Ji-hu, Jo Yi-hyun",South Korea,28-01-2022,2022,8.6,1 Season,Thriller
S0300,Movie,All That Breathes,Trevor Lee,"Andrew Harrington, Caroline Ramsey, Terri Haas, Maurice Torres",UK,02-07-2022,2022,7.9,121 Minutes,Action
S0262,Movie,Along for the Ride,Sofia Alvarez,"Rachel Lawson MD, John Hughes, Erica Davis, Mr. Jacob Reyes, Brendan Norman",Australia,05-11-2022,2022,6.7,86 Minutes,Drama
S0430,TV Show,Also,Sharon Barajas,"Anthony Hooper, Robert Castaneda",Canada,30-08-2021,2002,8.1,8 Seasons,Drama
S0256,Movie,Always Be My Maybe,Nahnatchka Khan,"Franklin Williams, Erica Meyer, Jose Bell, Crystal Christensen",USA,26-06-2024,2020,6.9,81 Minutes,Romance
S0069,Movie,American Murder: Laci Peterson,"Laci Peterson, Scott Peterson, Various Cast Members","Tommy Green, Mr. Edward Gibson",USA,14-12-2020,2020,7.4,82 Minutes,Reality
S0458,TV Show,Analysis man city simple,Isabel Allen,"Michelle Morgan, Tina Ortiz",Japan,31-12-2021,2022,7.7,1 Season,Comedy
S0061,TV Show,Anatomy of a Scandal,"Sienna Miller, Michelle Dockery, Rupert Friend","Jennifer Smith, Marie Johnson, Jennifer Williamson",Brazil,15-04-2022,2023,7.2,1 Season,Drama
S0144,Movie,Andhaghaaram,Karthik Subbaraj,"Arjun Das, Sharanya, Kumaravel",India,08-09-2021,2021,8.9,120 Minutes,Thriller
S0027,Movie,Animal,Sandeep Reddy Vanga,"Zachary Thompson, David Myers, Thomas Mclaughlin",India,26-01-2024,2023,6.8,201 Minutes,Action
S0483,TV Show,Another tend old ten,Amy Bennett,"Matthew Hall, Craig Morris, Joel Santiago",UK,07-02-2023,2013,7.9,1 Season,Romance
S0244,Movie,Anyone But You,Will Gluck,"Olivia Thomas, Amanda Brady, Sheila Barrera, Cynthia Stark",Japan,02-05-2020,2023,6.2,89 Minutes,Romance
S0482,TV Show,Anyone world suddenly,Rodney Matthews,"Megan Sheppard, Nicole Coleman",USA,01-08-2022,2018,7.7,4 Seasons,Thriller
S0225,TV Show,Arthdal Chronicles,Kim Won-seok,"Jang Dong-gun, Kim Ok-bin, Yoon Sa-bong",South Korea,05-08-2021,2020,6.5,1 season,Medical
S0171,Movie,Article 15,Anubhav Sinha,"Jaideep Ahlawat, Neeraj Kabi, Gul Panag",India,01-01-2020,2020,8.2,124 Minutes,Crime
S0352,Movie,As cause behind fill later,Jeremy Jones,"Kevin Conway, Jason Lee, Charles Price, Kimberly Ingram",UK,20-01-2023,2017,8.1,18 Minutes,Thriller
S0201,TV Show,Assassination Classroom,Seiji Kishi,Jun Fukuyama,Japan,15-02-2016,2015,8.2,2 Seasons,Anime
S0414,TV Show,Attention rather kind,Evan Cohen,"Mark Wolf MD, Kyle Saunders, Ethan Chavez, Ronald Roberson, Roger Thornton",Japan,24-07-2024,2003,7.6,1 Seasons,Thriller
S0309,Movie,Aunty Sudha Aunty Radha,Bruce Murray,"Natalie Evans, Brandon Lawrence",India,06-03-2024,2003,3.4,89 Minutes,Mystery
S0215,TV Show,Awaken,Kim Jung-kyu,"Minutes Nam-koong, Kim Seol-hyun, Lee Chung-Ah",South Korea,29-04-2023,2020,7.5,1 season,Drama
S0159,Movie,Baaghi 3,Akshay Kumar,"Arjun Kapoor, Rakul Preet Singh, Neena Gupta",India,20-03-2021,2020,3,125 Minutes,Bollywood
S0203,TV Show,Backstreet Rookie,Lee Myung-woo,"Kim Yoo-jung, Ji Chang-wook, Han Sun-hwa",South Korea,28-04-2020,2020,7.5,1 season,Romance
S0320,TV Show,Bandon Mein Tha Dum!,Chad Lucas Jr.,"James Boyd, Alexander Miller, Jerry Brown, Lance Ramirez, Lisa Obrien",Germany,23-12-2023,2000,7.9,1 season,Crime
S0095,TV Show,Barbecue Showdown,Tom Green,"Fahadh Faasil, Simran, Kalki Koechlin",USA,14-08-2022,2022,8.2,1 Season,Reality
S0186,Movie,Barot House,Vikram Bhatt,Manish Chaudhari,India,27-05-2021,2023,7.3,113 Minutes,Crime
S0360,TV Show,Beautiful,Tracy Gonzalez,"Rhonda Collins, Raymond Dixon, Sarah Woodard",Canada,05-11-2022,2008,7.7,1 season,Medical
S0418,Movie,Before wait,Heather Cobb,"Katherine Smith, Clifford Mclaughlin, Jennifer Mccann, Alyssa Cooper",Germany,11-06-2023,2021,7.9,166 Minutes,Thriller
S0457,TV Show,Believe budget security work,Kelsey Everett,"Jeremy Gaines, Alicia Foster, James Woods, Timothy Neal, Mandy Richardson",Canada,23-02-2024,2000,8.1,4 Seasons,Comedy
S0432,Movie,Benefit break sign,Matthew Norris,"Kevin Thomas, Gregory Lee",Germany,31-03-2023,2020,7.9,139 Minutes,Thriller
S0012,TV Show,Berlin,"Alex Pina, Esther Martínez Lobato","Pedro Alonso, Michelle Jenner, Tristán Ulloa",Germany,29-12-2023,2023,8.5,1 Season,Action
S0323,Movie,Beyond the Star,Andrea Kelly,"Jacqueline Miller, Jose Hatfield, Mary Parrish, Christine Rodriguez",UK,08-11-2022,2023,8,81 Minutes,Action
S0130,Movie,Bhadra Ka Grandson,Anehita Ghag,"Arjun Kapoor, Rakul Preet Singh, Neena Gupta",India,15-03-2015,2021,8.1,91 Minutes,Drama
S0117,TV Show,Bhakshak,Zoya Akhtar,Various Cast,India,31-12-2021,2020,7.2,1 Seasons,Crime
S0182,Movie,Bhonsle,Devashish Makhija,Manoj Bajpayee,India,14-02-2020,2012,7.3,116 Minutes,Drama
S0169,Movie,Bhoot Part One: The Haunted Ship,Zoya Akhtar,"Sushant Singh Rajput, Jacqueline Fernandez, Vikramjeet Virk",India,15-05-2020,2021,4.8,121 Minutes,Horror
S0438,Movie,Billion movie,Julie Baker,"Tracy Bennett, Craig Jones, Gloria Hughes, Christopher Thomas, Joseph Escobar",Australia,25-08-2021,2021,7.6,81 Minutes,Drama
S0233,TV Show,Bing-ui,Louis Hernandez,"Jo Han-sun, Yeon Jeong-hun, Song Sae-byeok",South Korea,23-07-2023,2011,7.7,1 season,Thriller
S0276,Movie,Blackfish,Bradley Cameron,"Matthew Nichols, Jessica Johnson, Christopher Cooke, Sandra Morgan",USA,13-11-2022,2013,8.1,83 Minutes,Documentary
S0227,TV Show,Blood,Ki Minutes-soo,"Ahn Jae-Hyun, Ku Hye-Sun, Ji Jin-hee",South Korea,04-11-2023,2015,7.4,1 season,Thriller
S0050,TV Show,BoJack Horseman,"Will Arnett, Aaron Paul, Alison Brie","Jennifer Duffy, Joann Thompson, Brenda Wells",USA,22-08-2014,2017,7.7,6 Seasons,Animated
S0150,Movie,Boomika,Rakesh Mehta,"Varun Buddhadev, Rajiv Kapoor, Chirag Vohra",India,26-02-2021,2020,5.8,128 Minutes,Drama
S0469,TV Show,Box consumer,Michael Murillo,"Whitney Singh, Jorge Garcia, Andrea Anderson, Nicole Jennings, Dawn Green",France,16-01-2020,2022,7.5,7 Seasons,Crime
S0425,TV Show,Break news life,Martin Peterson DDS,"Michael Simmons, Steven Torres, Emily Perez",Australia,30-12-2020,2023,7.5,4 Seasons,Crime
S0045,TV Show,Bridgerton,"Phoebe Dynevor, Regé-Jean Page, Nicola Coughlan","Mary Montgomery, Sharon Brown",United Kingdom,25-12-2020,2020,8,3 Seasons,Drama
S0358,TV Show,Building any TV wonder,Amanda Hickman,"Kevin Little, Heather Brady, Kari Smith, Kimberly Skinner",Canada,13-03-2024,2021,7.9,4 Seasons,Action
S0161,Movie,Bulbbul,Rohit Shetty,"Saiyami Kher, Roshan Mathew, Amruta Subhash",India,02-07-2020,2018,6.8,85 Minutes,Horror
S0229,TV Show,Bulgasal,Jang Young-woo,"Lee Jin-wook, Nara, Lee Joon",South Korea,16-03-2023,2021,7.4,1 season,Horror
S0344,Movie,Buy free,Paul Hull,"Kenneth Martin Jr., Christina Schultz, Maureen Osborn, Jennifer Elliott, Allison Vang",USA,08-04-2024,2022,7.3,81 Minutes,Mystery
S0342,Movie,Call Me Dancer,Jeffery Newton,"John Rowe, Marisa Rose, Philip Adams, Lee Barnett",Australia,26-03-2023,2015,7.5,85 Minutes,Thriller
S0493,TV Show,Can station bank industry truth,Jeremy Vance,"John Williams, Jack Scott, William Prince",Japan,04-07-2021,2018,6.5,1 Season,Drama
S0492,TV Show,Career available seem,Sherry Barajas,"Edward Lopez, Rachel Jarvis",South Korea,16-06-2022,2018,8,1 Season,Comedy
S0253,Movie,Carol,Todd Haynes,"Martha Ramos, Laurie Harrison",UK,21-01-2024,2015,7.2,118 Minutes,Comedy
S0463,TV Show,Certainly decade,Barbara Williams,"Sarah Price, Laura Perez",USA,13-06-2024,2000,7.9,3 Seasons,Musical
S0399,TV Show,Change,Jesse Ward,"Steven Bishop, David Kim, James Scott, Wesley Crawford",Canada,30-04-2021,2014,7.2,5 Seasons,Drama
S0385,Movie,Charge particularly peace couple,Catherine Powell,"Brandon Schmidt, Thomas Torres, Nicholas Miller, Jennifer Chang",Germany,18-11-2021,2020,8.1,149 Minutes,Comedy
S0074,TV Show,Chef's Table,Various Cast Members,"Samantha Wells, Meghan Martinez, Jared Schaefer",USA,26-04-2015,2022,7.7,6 Seasons,Thriller
S0235,Movie,Chinatown,Roman Polanski,"Jack Nicholson, Faye Dunaway, John Huston",France,06-09-2020,2018,8.1,130 Minutes,Mystery
S0393,Movie,Choice high speech both just because,Joseph Fischer,"Seth Smith, Roberto Burns, Steven Green, Tyrone Ramos",Germany,01-02-2022,2023,7.7,137 Minutes,Comedy
S0164,Movie,Choked,Vikramaditya Motwane,"Kartik Aaryan, Mrunal Thakur, Amruta Subhash",India,23-05-2020,2020,6.7,80 Minutes,Thriller
S0121,Movie,Choked: Paisa Bolta Hai,Anurag Kashyap,"Saiyami Kher, Roshan Mathew, Amruta Subhash",India,09-11-2021,2021,7.9,86 Minutes,Action
S0116,TV Show,Choona,Tom Hardy,"Jimmy Shergill, Vijay Raaz, Pankaj Tripathi",India,24-08-2021,2021,7.3,8 Seasons,Action
S0497,Movie,Choose citizen health big medical write,Megan Thompson,"Jennifer Perkins, Ashley Bailey, Sarah Underwood, Tiffany Clay",France,24-05-2021,2000,8.1,112 Minutes,Romance
S0329,TV Show,Cinema Marte Dum Tak,Darrell Rogers,"James Avery, Cassandra Taylor, Jeffery Ross, Scott Day, Dennis Ward",Germany,06-03-2024,2019,8.1,1 season,Drama
S0449,TV Show,Civil traditional top grow,Michael Payne,"Donald Hendrix, Courtney Jordan, Kayla Benson, Andrew Ross",Germany,17-04-2022,2007,7.5,2 Seasons,Drama
S0120,TV Show,Class,Ian Johnson,"Zeyn Shaw, Anjali Sivaraman, Chayan Chopra",India,20-08-2020,2022,6.9,7 Seasons,Bollywood
S0175,Movie,Class of 83,Atul Sabharwal,"Sohum Shah, Jyoti Malshe, Anita Date",India,26-06-2020,2020,6.8,115 Minutes,Crime
S0049,TV Show,Cobra Kai,"Ralph Macchio, William Zabka, Courtney Henggeler","Kathy Bell, James Farrell",USA,15-02-2020,2014,8.6,6 Seasons,Martial Arts
S0089,Movie,Cold Case: Who Killed JonBenét Ramsey,Kitty Green,"Cynthia Caldwell, Dean Carrillo, Jose Daniel",India,06-05-2020,2022,7.4,60 Minutes,Drama
S0305,Movie,Comedy Circus,Gary Snyder,"Leslie Yoder, Timothy Rogers",India,27-05-2024,2017,8.6,18 Minutes,Action
S0339,Movie,Comedy Circus Ke Ajoobe,Alyssa Young,"Kelly Roberson, Scott Bailey, Gina Torres, Brett Rosales, Elizabeth Rubio",Canada,03-03-2020,2012,7.6,125 Minutes,Crime
S0379,Movie,Condition everything,Joseph Henry,"Angela Schwartz, Jose Williams, Monica Edwards",UK,18-08-2020,2017,8.3,18 Minutes,Romance
S0370,Movie,Consumer deal,Drew Hartman,"Jesse Peterson, Alexandra Howard, Amy Moss, Karen Stone, Brenda Williams",UK,24-08-2021,2018,7.9,95 Minutes,Mystery
S0277,TV Show,Conversations with a Killer: The Ted Bundy Tapes,Sarah Watkins,"Mr. Cameron Price MD, Frank Kerr, Laura Long, Anthony Mccann, Teresa Campbell",USA,09-08-2020,2020,7.7,1 season,Crime
S0488,TV Show,Country may anyone ever despite control positive,Stephanie Hernandez,"Angela Bell, Robin White",USA,30-05-2023,2006,8.1,3 Seasons,Drama
S0366,Movie,Couple budget rise general likely,Mark Smith,"Keith Hughes, Kenneth Perkins, Ashley Jackson",UK,23-02-2023,2018,7.6,86 Minutes,Crime
S0374,Movie,Court always,Bonnie Torres,"David Ferguson Jr., Caitlyn Garcia, Gina Hayes, Sheila Clark, Katherine James",Canada,17-09-2024,2007,8.1,87 Minutes,Drama
S0018,TV Show,Crash Landing on You,Lee Jeong-hyo,"Hyun Bin, Son Ye-jin, Kim Jung-hyun",South Korea,18-12-2020,2020,7.8,1 Season,Drama
S0252,Movie,Crazy Rich Asians,Jon M. Chu,"Pamela Munoz, Emily Wilson, Richard Lee, Jerry Stone, Christina Velazquez",USA,11-09-2020,2018,6.9,121 Minutes,Drama
S0120,TV Show,Cricketer Fever: Mumbai Indians,Ravi Kumar,Various Cast,India,02-11-2020,2020,6.5,1 Season,Bollywood
S0068,TV Show,Crime Scene Berlin: Nightlife Killer,"David Tennant, Various Cast Members","Melissa Jones, Vincent Obrien, Jessica Woods, Mark Flores, Erik Owens",Australia,29-03-2023,2022,7.6,1 Season,Crime
S0204,TV Show,Cyberpunk: Edgerunners,Masahiko Ôtsuka,Aguilar,Japan,04-02-2022,2022,8.5,1 Season,Anime
S0226,TV Show,D.P.,Han Jun-hee,"Kim Sung Kyun, Son Suk-ku, Jung Hae-in",South Korea,02-01-2020,2021,7.1,1 season,Fantasy
S0123,TV Show,Dabba Cartel,Peter Davis,"Cynthia Caldwell, Dean Carrillo, Jose Daniel",India,27-03-2020,2020,7.8,1 Season,Thriller
S0094,TV Show,Dance for the Devil: The 7M TikTok Cult,Mark Johnson,"Kapil Sharma, Krushna Abhishek, Archana Puran Singh",USA,20-08-2021,2020,6.4,1 Season,Documentary
S0331,Movie,Dancing on the Grave,Ian Wood,"Paul Cruz, Julie Allen, Judy Adams, Shaun Ochoa",USA,09-07-2021,2007,7.9,85 Minutes,Mystery
S0053,TV Show,Daredevil,"Charlie Cox, Vincent D'Onofrio, Deborah Ann Woll","Heidi Wright, Debra Hall, Mark Randolph, Ashley Gibson, Christopher Thompson",USA,08-04-2015,2020,7.5,3 Seasons,Superhero
S008,TV Show,Dark,"Baran bo Odar, Jantje Friese","Louis Hofmann, Karoline Eichhorn, Maja Schöne",Germany,01-12-2017,2017,8.1,3 Seasons,Sci Fi
S0152,Movie,Dasvi,Raj & DK,"Abhishek Bachchan, Rajkummar Rao, Pankaj Tripathi",USA,13-05-2021,2020,7.2,132 Minutes,Action
S0464,TV Show,Day,Angela Ramirez,"James Jones, Jon Davis, BenjaMinutes Crawford, Eric Kaiser, Stephen Torres",Australia,28-03-2024,2021,8.1,4 Seasons,Medical
S0291,Movie,De Palma,Angela Hodge,"Brandon Evans, Kristin Guerrero",USA,05-11-2022,2016,7.4,94 Minutes,Sports
S0189,TV Show,Death Note,Adam Wingard,Nat Wolff,Japan,09-07-2018,2006,7.7,1 Season,Anime
S0412,Movie,Debate cup PM,Richard Watts,"Julia Martinez, Amanda Evans",Japan,18-08-2022,2017,7.7,145 Minutes,Crime
S0373,Movie,Degree simply so player herself out,Ronald Ayers,"Dennis Brown, Jill Thomas, Mark Wright",Canada,13-03-2023,2016,7.5,81 Minutes,Thriller
S0185,Movie,Delhi Crime,Richie Mehta,Shefali Shah,India,16-08-2021,2014,5.9,88 Minutes,Crime
S0387,Movie,Democrat force,Paul James,"Stacy Beard, Christine Harding, Anthony Cervantes, Donna Travis, Ashley Fisher",South Korea,12-01-2024,2022,7.9,142 Minutes,Drama
S0205,TV Show,Descendants of the Sun,Lee Eung-bok,"Song Joong-ki, Song Hye-kyo, Jin Goo",South Korea,15-01-2021,2016,8.2,1 season,Action
S0422,TV Show,Describe according,Lisa Berry,"Jose Riley, Holly Huffman",Canada,07-08-2023,2018,8.1,4 Seasons,Crime
S0450,TV Show,Design whose,Ricky Chapman,"Brenda Reilly, Gregory Willis, Jason Smith, Adam Hicks",India,04-06-2022,2015,8.1,4 Seasons,Drama
S0321,TV Show,Desire?,Carrie Robles,"Brian Howard, Manuel Bradford, Erica Austin, Rachel Jones, Dustin Baker",Germany,06-08-2020,2021,8,1 season,Romance
S0446,TV Show,Develop north shoulder,Sean Ruiz,"Pamela Williams, Dawn Bruce, Dr. Elizabeth Green",Japan,01-11-2020,2005,8.1,7 Seasons,Drama
S0167,Movie,Dhamaka,Shravan Shukla,"Aditya Roy Kapur, Disha Patani, Kunal Khemu",India,01-11-2020,2020,7.6,114 Minutes,Thriller
S0297,Movie,Dharmaveer 2,Jonathan Rangel,"Fred Peterson DDS, Patrick Williamson, Diane Carpenter, Mark Garcia",France,27-08-2022,2022,9,127 Minutes,Drama
S0165,Movie,Dhindora,Kabir Khan,"Nawazuddin Siddiqui, Radhika Apte, Shweta Tripathi",India,30-11-2012,2020,8.2,118 Minutes,Comedy
S0389,Movie,Different natural within around international,Julie Jackson,"Donald Matthews, Tina Clark, Brittney Gibson",Japan,21-08-2020,2018,7.6,137 Minutes,Drama
S0202,Movie,Dil Dhadakne Do,Zoya Akhtar,"Anil Kapoor, Priyanka Chopra",India,07-07-2005,2015,7.5,173 Minutes,Bollywood
S0273,TV Show,Dirty Money,George Butler,"Natasha Gardner, Jennifer Russell, Kimberly Fernandez, Samuel Anderson",USA,11-02-2021,2018,8.1,1 season,Crime
S0015,Movie,Disaster Holiday,Rethabile Ramaphakela,"Zachary Thompson, David Myers, Thomas Mclaughlin",South Africa,13-12-2024,2024,8.1,120 Minutes,Family
S0395,TV Show,Discussion science hundred concern,Dawn Brown,"David Wright, Patrick Chapman, Robert Hoover",France,27-07-2022,2008,7.2,1 Seasons,Thriller
S0201,TV Show,Doctor John,Jo Soo-won,"Ji Sung, Lee Se-yeong, Hwang Hee",South Korea,20-12-2021,2020,8,1 season,Drama
S0202,TV Show,Doctor Prisoner,Hwang In-hyuk,"Kim Byeong-cheol, Choi Won-young, Minutes Nam-koong",South Korea,02-01-2022,2020,7.6,1 season,Drama
S0039,Movie,Don't Move,Adam Schindler and Brian Netto,"Mr. Cory Nunez DVM, Randall Henson",USA,25-08-2024,2024,5.2,93 Minutes,Romance
S0322,Movie,Down Underdogs,Michael Torres,"Amber Jordan, James Clark",Germany,06-03-2023,2012,7.3,80 Minutes,Musical
S0172,Movie,Drive,Tarun Mansukhani,"Bobby Deol, Hitesh Bhojraj, Zayn Marie Khan",India,12-08-2018,2020,5.5,112 Minutes,Action
S0434,Movie,Edge before,Tiffany Dyer,"Dawn Estrada, Edward Miller",France,08-08-2020,2018,7.7,88 Minutes,Thriller
S0351,Movie,Effect too reflect world,Omar Andrade,"Stephanie Kelley, Richard Phelps",UK,22-02-2023,2002,7.5,86 Minutes,Crime
S0058,TV Show,Elite,"Itzan Escamilla, Omar Ayuso, Miguel Bernardeau","Melissa Li, Brenda Warren, Karen Randall, Angela Daniels",Spain,05-08-2018,2020,7.3,7 Seasons,Drama
S0009,TV Show,Emily in Paris,Darren Star,"Lily Collins, Ashley Park, Lucas Bravo",USA,02-08-2020,2020,7,3 Seasons,Romance
S0409,TV Show,Enjoy per,David Conner,"Anna Rice, Dr. Susan Johnson, Jacqueline Cortez, Sara Hicks",India,30-08-2023,2008,8.1,4 Seasons,Action
S0390,TV Show,Entire others majority,Haley Thompson,"Andrew Nolan, Sherry Chen",Canada,08-03-2023,2013,7.6,7 Seasons,Comedy
S0415,TV Show,Environmental,Susan Griffith,"Brenda Rice, Ashley Gonzalez, William King, Brian Russell",USA,04-06-2023,2011,7.9,4 Seasons,Crime
S0356,TV Show,Evening throw hear face,Renee Campbell,"Jennifer Montgomery, Christopher Jones, Emily Galvan, Brian Solomon, Andrew Williams",South Korea,15-09-2024,2013,8.1,1 season,Drama
S0413,Movie,Everybody study lay benefit,Haley Johnson,"Brett Adams, Marie Bradley, Corey Martinez, Derrick Henderson",Germany,21-09-2024,2007,7.6,179 Minutes,Mystery
S0426,TV Show,Everything sure,Alison Malone,"Courtney Delacruz, Katrina Cook, Lori Hendrix",India,07-03-2021,2020,8.1,9 Seasons,Mystery
S0350,Movie,Everything your source,Sheryl Bass,"Kevin King, Evan Gutierrez, Denise Martinez",UK,21-07-2024,2023,8,86 Minutes,Thriller
S0286,Movie,Evil Genius: The True Story of America's Most Diabolical Bank Heist,Lisa Perez,"Fernando Lopez, Shawn Garrett, Suzanne Edwards",USA,24-08-2023,2018,7.5,97 Minutes,Crime
S0462,TV Show,Executive follow piece five event,Ashley Welch,"John Williamson, Katherine Brooks, Bruce Garcia",India,07-04-2023,2024,7.6,3 Seasons,Romance
S0157,Movie,Extraction,Shashi Kiran,"Shubham Kumar, Sandeepa Dhar, Neeraj Kabi",India,12-07-2021,2020,6.7,98 Minutes,Mystery
S0303,Movie,Fabulous Lives of Bollywood Wives,Melissa Wallace,"Michael Fernandez, Jerry Thomas, Monique Oliver",Germany,01-05-2020,2005,8.5,124 Minutes,Fantasy
S0240,Movie,Fargo,"Joel Coen, Ethan Coen","William H. Macy, Frances McDormand, Steve Buscemi",Australia,05-04-2023,2021,8.1,98 Minutes,Thriller
S0320,TV Show,FarMinutesg the Revolution,James Avery,"Jason Murray, Gina Russo DDS, Margaret Hall, Robert Leonard",Japan,22-09-2024,2022,6.5,1 season,Thriller
S0292,Movie,Fastball,Elizabeth Davis,"Julia Murphy, Russell Diaz, Alexander Morton, Paul Lyons",USA,02-09-2022,2020,7.2,87 Minutes,Documentary
S0284,Movie,Fed Up,Julie Thompson,"Sheila Carroll, Garrett Williams",USA,20-11-2023,2014,7.7,82 Minutes,Documentary
S0251,Movie,Fifty Shades of Grey,Sam Taylor-Johnson,"Todd Cole, Cody Lucas, Victoria Callahan, Diane Hill, John Carroll",Canada,22-01-2024,2015,4.1,125 Minutes,Romance
S0080,TV Show,Files of the Unexplained,"David Attenborough, Various Cast Members","Elizabeth Becker, Joseph Williams, Craig Oliver, Chloe Curtis, Jennifer Santos",Germany,17-09-2022,2020,7.9,1 Season,Reality
S0500,TV Show,Fly my,Stephanie Stout,"Jacob Mccarthy, Elizabeth Porter, Jennifer Matthews, Brian Figueroa",Australia,08-02-2024,2017,8.2,4 Seasons,Drama
S0466,TV Show,Food eight write improve,Jeremiah Hamilton,"Kenneth Gates, Patricia Edwards",South Korea,06-04-2021,2018,7.9,4 Seasons,Thriller
S0375,Movie,Former quickly discussion,Paul Holmes,"Tina Randall, Carol Adkins, Victoria Heath, Katherine Oconnell",Japan,28-11-2023,2020,7.2,127 Minutes,Thriller
S0092,TV Show,From Dreams to Tragedy: The Fire That Shook Brazilian Football,Samuel Jackson,"Madhuri Dixit, Sanjay Kapoor, Manav Kaul",Brazil,06-08-2022,2021,7.5,1 Season,Documentary
S0293,Movie,Fyre,William Young,"Sharon Oliver, Donald Frazier, Clinton Watkins",USA,17-01-2024,2016,7.2,92 Minutes,Documentary
S0433,Movie,Gas,Leah Nguyen,"Heather Carey, Olivia Gamble, Ryan Orozco",Japan,07-06-2020,2018,8.1,126 Minutes,Crime
S0288,Movie,Get Me Roger Stone,Bobby Chandler,"Phillip Murray, Thomas Sullivan, Scott Murray",USA,23-03-2022,2015,7.3,91 Minutes,Documentary
S0177,TV Show,Ghost Stories,"Karan Johar, Zoya Akhtar, Dibakar Banerjee, Anurag Kashyap","Peter Olson, Alan Maldonado, Cheryl Steele MD, Emily Reeves, Brittany Davenport",India,15-07-2011,2021,5.5,3 Seasons,Horror
S0382,TV Show,Give fast,Diana Johnson,"Jennifer Gomez, Nicholas Wells, Anthony Nguyen, Erin Chung",USA,29-09-2024,2012,8.1,4 Seasons,Drama
S0359,TV Show,Goal pick,Randall Hopkins,"David Carter, Andre Copeland, Brian Townsend",France,20-06-2023,2022,8.1,1 season,Fantasy
S0207,TV Show,Good Manager,Lee Jae-jin,"Minutes Nam-koong, Nam Sang-mi, Lee Jun-ho",South Korea,27-03-2021,2017,7.9,1 season,Romance
S0188,Movie,Gully Boy,Zoya Akhtar,"Ranveer Singh, Alia Bhatt",India,23-07-2020,2014,9,87 Minutes,Drama
S018,TV Show,Guns & Gulaabs,Raj & DK,"Rajkummar Rao, Dulquer Salmaan, Adarsh Gourav",India,25-11-2022,2018,8.5,2 Seasons,Crime
S0128,Movie,Guns & Gulaabs,Raj & DK,"Rajkummar Rao, Dulquer Salmaan, Adarsh Gourav",India,02-04-2022,2020,7.8,133 Minutes,Drama
S0477,TV Show,Hard,Robert Lucas,"Michelle Olsen, Krystal Howard",India,25-02-2024,2019,6.5,3 Seasons,Thriller
S0203,Movie,Hasee toh Phasee,Vinil Mathew,"Sidharth Malhotra, Parineeti Chopra",India,26-03-2015,2014,8.1,134 Minutes,Bollywood
S0129,Movie,Haseen Dillruba,Vinil Mathew,"Taapsee Pannu, Vikrant Massey, Harshvardhan Rane",India,28-12-2018,2020,7.3,136 Minutes,Thriller
S0122,TV Show,Hasmukh,Nikhil Gonsalves.,"Vir Das, Ranvir Shorey, Ravi Kishan",India,20-11-2021,2022,7.8,1 Season,Romance
S0242,Movie,Headhunters,Morten Tyldum,"Aksel Hennie, Synnøve Macody Lund, Nikolaj Coster-Waldau",Japan,17-02-2024,2011,7.5,120 Minutes,Crime
S0059,TV Show,Heartstopper,"Joe Locke, Kit Connor, William Gao","Brittany Martinez, Debra Castillo, Lisa Bernard",United Kingdom,22-04-2022,2022,8.7,2 Seasons,Romance
S0246,Movie,Hit Man,Richard Linklater,"Joshua Payne, David Whitaker, Selena Cardenas, Howard Mccann",Australia,25-08-2024,2024,7,87 Minutes,Action
S0267,Movie,Holidate,John Whitesell,"Jason Olson, Stephanie Moreno, Tara Smith, William Anderson",France,11-09-2021,2020,6.1,84 Minutes,Comedy
S0079,TV Show,Homicide,Various Cast Members,"Maria Benson, George Thomas",USA,13-08-2020,2016,8.5,1 Season,Reality
S0485,TV Show,Hotel do data order,Mr. Herbert Johnson,"Jonathan Armstrong, Daniel Powell, Aaron Andrews, Stephanie Wallace, Michael Stevenson",UK,26-02-2021,2001,7.6,1 Season,Action
S0443,TV Show,Hour product,Robert Jones,"Lindsay Mason, Gregory Mckenzie, Tammy Williams, Kimberly Swanson, Mario Bush",France,28-12-2022,2021,7.2,8 Seasons,Drama
S0298,Movie,House of Secrets: The Burari Deaths,Sheri Powers,"Brian Collier, Michael Conrad",Canada,25-03-2022,2021,7.7,92 Minutes,Sports
S0346,Movie,However black for mean,Mary Hartman,"Nathaniel Martinez, Christina Martin, Juan Coleman, Andrew Green",India,14-08-2024,2017,7.4,81 Minutes,Crime
S0400,TV Show,Human house series name type amount,Jared Allen,"Paul Larson, Sharon Harris, Sarah Ray, Michael Johnson",Australia,16-01-2021,2002,8,7 Seasons,Romance
S0349,Movie,I my data short,Nathan Bell,"Juan Branch, Paul Martin, Abigail Hale, Jennifer Pope",India,27-02-2022,2017,7.2,89 Minutes,Thriller
S0200,TV Show,IC 814: The Kandahar Hijack,Anubhav Sinha,Naseeruddin Shah,India,14-08-2024,2024,8.8,1 Season,Thriller
S0279,Movie,Icarus,Joseph Levy,"Jose Hopkins, Mark Davis, Melissa Velasquez",USA,01-08-2024,2017,7.9,80 Minutes,Sports
S0467,TV Show,Imagine item kind,Patty Wilson,"Holly Mason, Martha Paul, Christina Wright, Alexandra Griffith",USA,22-07-2023,2009,7.2,8 Seasons,Action
S048,TV Show,Important forward,Mitchell Kramer,"Brian Dawson, Terri Russell, Julie Parker, Monica Diaz DVM",UK,24-01-2024,2003,7.7,5 Seasons,Horror
S0403,Movie,Include interesting peace black,Melinda Lopez,"John Carney, Daniel Norris, Krystal Peterson, Patricia Barnes, Tammy Carter",Germany,24-09-2024,2012,8.3,174 Minutes,Mystery
S0386,Movie,Include speech,Bridget Garcia,"Joseph James, Brianna Alvarez, Russell King, Manuel Gonzalez",Australia,02-05-2023,2023,7.7,162 Minutes,Romance
S0404,TV Show,Increase record,James Lawson,"Elizabeth Grimes, Alan Smith, Maria Blair, Christian Santana, Beth Stewart",Germany,30-08-2023,2006,8.2,9 Seasons,Action
S0405,Movie,Indeed star,Tami Cain,"Ronald Carr, Wyatt Becker, Christina Villa, Christopher Frazier",Australia,09-04-2021,2019,6.5,148 Minutes,Fantasy
S0337,Movie,Indi(r)a's Emergency,Lisa Lee,"Tyler Thomas, Nathan Taylor, Morgan Taylor, Kelli Flores, Bailey Thomas",UK,23-11-2020,2017,7.7,127 Minutes,Action
S0308,Movie,India in a Day,Joseph Martinez,"Jessica Smith, Chelsea Wells, Jennifer Frazier, Jose Torres",Australia,14-08-2023,2006,8.5,127 Minutes,Crime
S0304,Movie,Indian Matchmaking,Bradley Davis,"Amy May, Brittany Patel, Christy Blackburn, Rhonda Gilmore",Germany,09-07-2024,2000,8.2,81 Minutes,Thriller
S0314,Movie,Indian Predator: The Butcher of Delhi,Erin Houston,"Mary Melendez, Tina Carroll",UK,20-07-2022,2011,8.2,90 Minutes,Crime
S0313,Movie,Indian Predator: The Diary of a Serial Killer,Zachary Rojas,"John Palmer, Joanna Perry, Meagan Cooper, Matthew Lopez, Michelle Murphy",India,25-05-2021,2003,8.2,86 Minutes,Thriller
S0335,Movie,India's Sons,Matthew Cantrell,"Kerry Clark, Elizabeth Miller, Ashley Macias",France,27-09-2021,2021,7.9,130 Minutes,Fantasy
S0363,Movie,Individual,Alan Mendez,"Mason Farrell, Brenda Cohen MD, David Hernandez, Matthew Coleman, Lauren Wagner",South Korea,20-03-2023,2013,7.8,87 Minutes,Action
S0237,Movie,Infernal Affairs,"Wai Keung Lau, Alan Mak","Andy Lau, Tony Leung Chiu-wai, Anthony Chau-Sang Wong",Germany,12-06-2022,2002,8,81 Minutes,Crime
S0299,Movie,"Inner Worlds, Outer Worlds",Dan Thomas,"James Garrison, Michelle Lin, Lauren Jones, Jeffrey Romero",UK,01-02-2022,2017,8.8,125 Minutes,Mystery
S0408,TV Show,International son responsibility,Sierra Lynch,"Anthony Rivera, Carlos Gonzalez, Jacqueline Smith, Maria Silva",South Korea,01-06-2022,2006,7.9,1 Seasons,Thriller
S0295,Movie,Into the Inferno,Alexandra Stewart,"Timothy Jones, Joseph Scott, Jodi Kennedy",India,28-03-2024,2016,7,130 Minutes,Documentary
S0147,Movie,Irul,Rahul Roy,"Fahadh Faasil, Soubin Shahir, Darshana Rajendran",India,01-12-2021,2021,6,112 Minutes,Mystery
S0016,Movie,It Ends With Us,Justin Baldon,"James Boyd, Alexander Miller, Jerry Brown, Lance Ramirez, Lisa Obrien",USA,09-12-2024,2024,7.4,130 Minutes,Romance
S0204,TV Show,Itaewon Class,Kim Seong-yoon,"Park Seo-joon, Kim Da-mi, Yoo Jae-myung",South Korea,02-01-2024,2020,8.2,1 season,Drama
S0311,Movie,Jackass 2.5,David Cox,"Michael Carter, Emily Bell, Kristen Hanna",Canada,13-02-2023,2005,7.6,86 Minutes,Crime
S0114,TV Show,Jamtara - Sabka Number Ayega,Soumendra Padhi,"Sparsh Shrivastava, Anshuman Pushkar, Ravi Chahal",India,02-02-2020,2021,7.7,1 Season,Drama
S0036,Movie,Jawan,Atlee,"Mr. Cory Nunez DVM, Randall Henson",India,02-11-2024,2023,8.3,169 Minutes,Bollywood
S0280,Movie,Jiro Dreams of Sushi,Kevin Parker,"Nathan Lewis, Frank Lewis, Troy Rodriguez, Brandon Campos",Japan,14-09-2022,2011,7.8,81 Minutes,Documentary
S0398,TV Show,Join represent between enter third,Elaine Obrien,"Tammy Gregory, Teresa Moody, Christopher Mclaughlin",India,16-01-2020,2008,8.1,6 Seasons,Action
S0201,TV Show,Jujutsu Kaisen,Junya Enoki,"Sunghoo Park, Sh?ta Goshozono",Japan,08-05-2023,2023,7.9,2 Seasons,Anime
S0316,TV Show,Junun,Jennifer Sims,"Matthew Wheeler, Steven Allen",India,09-07-2023,2014,7.9,1 season,Drama
S0133,Movie,Kaala Paani,Albert Smith,Various Cast,India,06-04-2020,2021,6.9,92 Minutes,Crime
S0166,Movie,Kaalakaandi,Shaad Ali,"Vicky Kaushal, Bhumi Pednekar, Ashutosh Rana",India,14-02-2020,2012,6.3,87 Minutes,Drama
S0034,Movie,Kal Ho Na Ho,Nikhil Advani,"Shah Rukh Khan, Saif Ali Khan, Preity Zinta",India,01-08-2020,2003,7.8,186 Minutes,Bollywood
S0124,Movie,Katthal – A Jackfruit Mystery,Rahul Gupta,"Mr. Cory Nunez DVM, Randall Henson",India,02-07-2021,2021,7.7,98 Minutes,Drama
S0472,TV Show,Keep husband learn,Barbara Johnson,"Brandon Martinez, John Alvarez, Ann Perez, Julia Young, Ronald Weeks",India,30-01-2024,2003,8,4 Seasons,Thriller
S0112,TV Show,Khakee: The Bihar Chapter,Neeraj Pandey,"Karan Tacker, Avinash Tiwary, Anshuman Pushkar",India,21-08-2020,2023,7.8,1 Season,Thriller
S0032,Movie,Kho Gaye Hum Kaha,Arjun Varain Singh,"Zachary Thompson, David Myers, Thomas Mclaughlin",India,28-01-2024,2023,8.1,134 Minutes,Bollywood
S0396,Movie,Kid debate,Michael Lewis,"Donna Tran, Sarah Wall",France,20-02-2020,2008,8,178 Minutes,Romance
S0340,TV Show,Kids on the Silk Road,Debra Wiggins,"Marissa Hudson, Andrea Cole, Madison Huff, Emily Cox",UK,23-11-2024,2023,7.7,2 Seasons,Crime
S0376,Movie,Know their red either yet,Sarah Moody,"Donald Winters, Jake Smith",UK,07-12-2023,2022,8,89 Minutes,Thriller
S0473,TV Show,Knowledge,Austin Barr,"Donna Hughes, Kristen Mercado, Ethan Cox",Germany,15-06-2020,2007,7.5,1 Season,Crime
S0014,TV Show,Komi Can't Communicate,Ayumu Watanabe,"Tadano Hitohito, Komi Shouko, Najimi Osana",Japan,21-08-2021,2021,7.9,1 Season,Anime
S0139,Movie,Kota Factory,Sandeep Reddy Vanga,"Mayur More, Ahsaas Channa, Jitendra Kumar",India,15-07-2021,2022,7.9,140 Minutes,Drama
S0140,Movie,Krishna and His Leela,Krishna Jagarlamudi,"Sree Vishnu, Shalini Vadnikatti, Seerat Kapoor",India,02-04-2021,2021,8.2,139 Minutes,Crime
S0245,Movie,La La Land,Damien Chazelle,"Andrew Andrews, Sharon Kirk, Steven Perez",Japan,03-08-2021,2016,8,128 Minutes,Musical
S0006,TV Show,La Palma: Limited Series,Enrique Urbizu,"Álvaro Morte, Verónica Echegui",Spain,23-12-2021,2021,7,1 Season,Drama
S0249,Movie,Lady Chatterley's Lover,Laure de Clermont-Tonnerre,"Caitlin Pena, Brenda Smith, Billy Boyer, Brittany Smith, Anne Crawford",Canada,27-08-2020,2022,6.9,127 Minutes,Drama
S0495,TV Show,Large,Wanda Sexton,"Austin Cruz, Kerri Williamson, Janet Riley, Tammy Knight",France,02-04-2021,2000,8.2,3 Seasons,Drama
S0270,TV Show,Last Chance U,Denise King,"Nicole Lopez, Jamie Anderson",USA,29-06-2020,2016,8.4,4 Seasons,Sports
S0455,TV Show,Last production,Joseph Ramirez,"Diane Kim MD, Janice Cook",UK,30-08-2023,2021,8.2,5 Seasons,Drama
S0452,Movie,Late edge rock,Rodney Harris,"Danny Caldwell, Steve Mcclain, Adam Brown, Laura Jones, Charles Valdez",South Korea,11-09-2023,2009,8.2,99 Minutes,Drama
S0368,Movie,Life,Justin Schmidt,"Charles Boyle, Jacob Fisher",France,20-08-2021,2020,8.1,18 Minutes,Thriller
S0306,Movie,Life in a Day,Philip Clark,"David Anderson, Ricardo Jackson, Edward Shea",Japan,27-04-2020,2016,8.3,81 Minutes,Horror
S0081,TV Show,Life on Our Planet,"Morgan Freeman, Various Cast Members","Jesse Escobar, William Murphy, BenjaMinutes Smith",USA,25-08-2023,2021,6.6,1 Season,Reality
S0411,TV Show,Local about position professor factor,Teresa Long,"Sara Lowe, Joseph Thomas, Rebecca Robertson, Justin Martin, Taylor Steele",UK,13-06-2024,2019,7.9,9 Seasons,Crime
S0468,TV Show,Long drug range test,Krista Anderson,"Kathy Castillo, Perry Costa",Japan,07-01-2020,2024,8,1 Seasons,Horror
S0290,Movie,Long Shot,Ellen Gordon,"Alex Calderon, Misty Woods, Ryan Johnson, Scott Figueroa, Johnny Oneill",USA,17-08-2024,2015,7.4,94 Minutes,Documentary
S0264,Movie,Look Both Ways,Wanuri Kahiu,"Cody House, Jennifer House",Japan,06-05-2023,2022,7.1,18 Minutes,Drama
S0126,Movie,Looop Lapeta,Aakash Bhatia,"Marcia Moody, Ryan Vargas, Anita Anderson",India,15-02-2020,2021,7.4,91 Minutes,Drama
S0461,TV Show,Loss behavior poor resource,Michelle Brown DVM,"William Matthews, Todd Carroll",UK,02-04-2024,2023,7.6,1 Season,Thriller
S0266,Movie,Love Guaranteed,Mark Steven Johnson,"Jennifer Woods, Sherri Thomas",Japan,14-02-2021,2020,6,90 Minutes,Comedy
S0093,TV Show,Love Is Blind: Brazil,Grace Lee,"Sakshi Tanwar, Raima Sen, Prashantt Guptha",Brazil,23-08-2021,2021,7.8,1 Season,Reality
S0072,TV Show,Love on the Spectrum,Various Cast Members,"Suzanne Henry, Rebecca Wright, Ricardo Bennett, Gina Hines, Carrie Green",USA,12-11-2020,2020,8,3 Seasons,Drama
S0111,TV Show,Love per Square Foot,Anand Tiwari,"Vicky Kaushal, Angira Dhar, Alankrita Shrivastava",India,28-01-2023,2021,7.5,1 Season,Drama
S0020,TV Show,Lucifer,Tom Kapinos,"Tom Ellis, Lauren German, DB Woodside",USA,25-12-2015,2015,8.3,6 Seasons,Thriller
S0155,Movie,Ludo,Abhishek Sharma,"Salman Khan, Disha Patani, Randeep Hooda",India,21-02-2020,2020,7.8,113 Minutes,Thriller
S0447,TV Show,Magazine,Michele Perkins,"Adam Stevens, Steven Wolfe, Natasha Melendez, Edward Gonzales",Australia,18-08-2021,2003,7.2,3 Seasons,Romance
S087,Movie,Mai: A Mother's Rage,Atul Mongia,"Sakshi Tanwar, Raima Sen, Prashantt Guptha",India,01-01-2023,2021,8.3,135 Minutes,Drama
S0401,Movie,Majority item fish,Jennifer Nelson,"Ashley Cook, Leah Hodge, Tammy Romero",Japan,27-06-2021,2022,7.5,67 Minutes,Drama
S0448,Movie,Make close style PM main,Joan Lopez,"Barbara Michael, Jamie Hunt, Nicole Walters",Germany,13-03-2023,2015,8,153 Minutes,Romance
S0269,TV Show,Making a Murderer,John Yu,"Courtney Ramos, Ronald Perez, Michelle Olson",USA,21-06-2024,2015,8.5,2 Seasons,Crime
S0170,Movie,Malang,Pradeep Sarkar,"Vijay Varma, Radhika Apte, Jackie Shroff",India,24-01-2020,2020,6.7,126 Minutes,Action
S0263,Movie,Malcolm and Marie,Sam Levinson,"Dustin Diaz, Shannon Thomas, Andrew Knox",France,05-07-2020,2021,6.8,86 Minutes,Drama
S0424,TV Show,Management dream,Jacqueline Davis,"Ashley Simmons, Robert Bell, Heidi Payne MD",Japan,02-08-2022,2020,8,8 Seasons,Thriller
S0148,Movie,Mandela,David Green,"Vicky Kaushal, Bhumi Pednekar, Ashutosh Rana",India,22-01-2021,2020,7.9,95 Minutes,Thriller
S0029,TV Show,Manifest,Jeff Rake,"Melissa Roxburgh, Josh Dallas, Athena Karkanis",USA,28-06-2018,2018,8.3,4 Seasons,Sci Fi
S0142,Movie,Maniyarayile Ashokan,Sachin Khedekar,"Jacob Gregory, Anagha, Shruthi Ramachandran",India,15-06-2020,2021,6.5,80 Minutes,Comedy
S0180,Movie,Mardaani 2,Gopi Puthran,"Rani, Vishal Jethwa",India,30-11-2012,2020,7.7,132 Minutes,Crime
S0327,Movie,Mariposas Negras,Nicholas Williamson,"Christine Russell, Michael Henderson, Charles Wade, Richard Martinez",India,01-04-2024,2023,8.2,80 Minutes,Comedy
S0127,Movie,Maska,Neeraj Udhwani,"Manisha Koirala, Nikita Dutta, Kunal Kapoor",India,31-07-2020,2020,8,118 Minutes,Action
S0381,TV Show,Medical small ok evidence four,Deanna Lopez,"Melissa Mcdowell, Ronald Humphrey, Daniel Sanchez",India,04-11-2021,2009,6.5,2 Seasons,Action
S0214,TV Show,Melloga Chejil,Lee Jung-moo,"Chun Woo-hee, Jeon Yeo-been, Han Ji-Eun",South Korea,03-04-2022,2020,8,1 season,Thriller
S0022,TV Show,MH370: The Plane That Disappeared,Louise Malkinson,"Zachary Thompson, David Myers, Thomas Mclaughlin",USA,08-03-2023,2023,7.8,1 Season,Documentary
S0149,Movie,Mimi,Arun Kumar,"Abhishek Bachchan, Yami Gautam, Nimrat Kaur",India,12-11-2020,2021,7.8,129 Minutes,Bollywood
S0001,TV Show,Mismatched,"Akarsh Khurana, Nipun Dharmadhikari","Prajakta Koli, Rohit Saraf",India,20-11-2020,2020,7.2,3 Season,Romance
S0143,Movie,Miss India,Manish Sharma,"Keerthy Suresh, Jagapathi Babu, Naresh",India,27-11-2021,2020,8.8,83 Minutes,Bollywood
S0285,TV Show,Miss Representation,Erika Silva,"Kim Stevenson, Cathy Young, Taylor Phillips, Richard Price, Nicholas Hernandez",USA,21-03-2020,2011,7.5,1 season,Documentary
S028,TV Show,Missing: The Other Side,Minutes Yeon-hong,"Ha Jun, Go Soo, Sohee",South Korea,04-11-2022,2020,7.9,1 season,Mystery
S0002,TV Show,Money Heist,Álex Pina,"Álvaro Morte, Úrsula Corberó, Pedro Alonso",Spain,02-05-2017,2017,8.3,5 Seasons,Action
S0312,Movie,Money Mafia,Jordan Hensley,"Brandon Morrison, Mark Cox, Rachel Chang",Germany,11-08-2020,2003,7.5,18 Minutes,Mystery
S0367,Movie,Move respond structure,Lisa Powers,"Heather Velasquez, Jacqueline Jackson, Alisha Davidson",UK,20-05-2024,2017,7.9,86 Minutes,Mystery
S0357,TV Show,Movie population source add,Ronald Lopez,"Julie Carter, David Sloan, Jesse Ryan, Brandon Cooper, Bridget Benitez",South Korea,09-03-2021,2005,8.2,2 Seasons,Mystery
S0206,TV Show,My Happy Marriage,Takehiro Kubota,"Ueda,  Kaito Ishikawa",Japan,02-04-2023,2023,8.6,1 Season,Anime
S0213,TV Show,My ID Is Gangnam Beauty,Choi Sung-bum,"Im Soo-hyang, Cha Eun-woo, Jo Woo-ri",South Korea,02-06-2020,2018,7.3,1 season,Comedy
S0201,TV Show,My Love from the Star,"Jang Tae-yoo, Oh Chung-hwan","Jennylyn Mercado, Gil Cuerva, Gabby Eigenmann",South Korea,29-08-2022,2017,7.2,1 season,Sci-Fi
S0042,TV Show,Narcos,"Wagner Moura, Pedro Pascal, Boyd Holbrook","James Phelps, Diane Terry, Ryan Martinez",Colombia,28-08-2015,2015,8.9,3 Seasons,Crime
S02018,TV Show,Naruto,Hayato Date,Junko Takeuchi,Japan,08-03-2015,2002,8,5 Seasons,Anime
S0207,TV Show,Naruto Shippuden,Hayato Date,Junko Takeuchi,Japan,14-12-2015,2006,8.3,21 Seasons,Anime
S080,TV Show,NASCAR: Full Speed,James Cameron,"Cynthia Caldwell, Dean Carrillo, Jose Daniel",USA,14-07-2021,2021,8.3,1 Season,Reality
S0205,TV Show,Neon Genesis Evangelion,Hideaki Anno,"Ogata, Megumi Hayashibara",Japan,12-08-2015,2013,8.2,1 Season,Anime
S0435,TV Show,Never common wide,Daniel Gallagher PhD,"Amanda Cooper, Malik Chapman, Jason Elliott, Erica Villegas",South Korea,26-07-2022,2022,7.9,3 Seasons,Romance
S0064,TV Show,Never Have I Ever,"Maitreyi Ramakrishnan, Poorna Jagannathan, Richa Moorjani","Patrick Aguilar, Isabella Lambert",USA,27-04-2020,2021,8.6,4 Seasons,Crime
S0494,TV Show,New particular who language,Alicia Saunders,"Patrick Lin, Monica Fowler, Joseph Taylor, Linda Collins",UK,20-05-2020,2023,8.1,3 Seasons,Romance
S0234,Movie,Nightcrawler,Dan Gilroy,"Jake Gyllenhaal, Rene Russo, Bill Paxton",Australia,17-05-2022,2014,7.8,117 Minutes,Crime
S0436,TV Show,No information person meeting,Olivia Wright,"Daniel Vaughan, James Lopez, Mark Adams, Sonya Nelson",South Korea,05-06-2020,2002,7.7,1 season,Musical
S0302,Movie,Nocturnes,JasMinutes Huynh,"Taylor Hale, Ashley Clark",India,12-02-2022,2013,8.1,85 Minutes,Medical
S0498,0.973939879,Not run,Sierra Miller,"Timothy Benson, Colin Gonzales, Cindy Gonzalez, Chad Clarke, Patricia Mcbride",South Korea,18-08-2021,2018,7.7,201 Minutes,Drama
S0173,Movie,Ok Computer,Shanker Raman,"Sunny Kaushal, Sharvari Wagh, Kunal Kapoor",India,20-09-2013,2018,7.5,111 Minutes,Sci-Fi
S0243,Movie,Oldboy,Park Chan-wook,"Choi Minutes-sik, Yoo Ji-tae, Kang Hye-jeong",Germany,08-07-2023,2003,8.3,123 Minutes,Thriller
S0033,Movie,OMG 2,Amit Rai,"James Boyd, Alexander Miller, Jerry Brown, Lance Ramirez, Lisa Obrien",India,08-08-2023,2023,7.4,155 Minutes,Bollywood
S0371,Movie,On throw production idea others door,Christine Lopez,"Jessica Scott, Mary Thompson, Kimberly Baker, Glenda Walls, Ashley Sparks",USA,13-11-2022,2001,7.2,85 Minutes,Thriller
S0441,Movie,One which,Paul Le,"Mark Walker, Robert Scott, Eric Miller, Chelsea Higgins, Stacey Gomez",UK,01-08-2020,2012,7.7,134 Minutes,Comedy
S0345,Movie,Only similar,Jason Mullins,"Henry Hansen, Christina Avila, Diana Weaver, Tonya Martinez",Germany,01-05-2021,2022,7.3,18 Minutes,Thriller
S0361,TV Show,Onto later control sure success ball,Sierra Arroyo,"Steven Snow, Rebecca Rodriguez, Tony Wilson",Germany,20-08-2022,2016,7.9,1 season,Fantasy
S0377,Movie,Operation,Richard Lee,"Kyle Jacobs, Alexa Flores, Pamela Foster, Dustin Lara",Canada,04-08-2023,2008,7.5,86 Minutes,Crime
S0334,TV Show,Orbital,Cody Dyer,"Matthew Clayton, Tiffany Fields, Kristen Lopez",UK,08-04-2023,2023,7.9,6 Seasons,Medical
S0454,TV Show,Order measure nor,Michelle Jackson,"Michael Ramirez, Mrs. Morgan Mccarty, Diana Burton",South Korea,09-06-2020,2003,8.1,5 Seasons,Drama
S0218,TV Show,Our Beloved Summer,Kim Yoon-jin,"Choi Woo-sik, Kim Da-mi, Roh Jeong-eui",South Korea,04-04-2024,2021,8.2,1 season,Sports
S0258,Movie,Our Souls at Night,Ritesh Batra,"Pamela Ward, Andre Walker",Japan,17-03-2021,2017,6.4,81 Minutes,Drama
S0348,Movie,Out fill,Vanessa Mooney,"Matthew Davis, Jeremy Flynn, Mr. Mark Richardson, Terry Hall, Victoria Levine",UK,21-05-2022,2013,7.2,127 Minutes,Drama
S0451,TV Show,Owner end wide,Tonya Brown,"Tamara Norton, Rhonda Butler, Anthony Martin, Bradley Gibson",Japan,26-06-2022,2003,8.3,6 Seasons,Drama
S0011,TV Show,Ozark,"Jason Bateman, Chris Mundy","Jason Bateman, Laura Linney, Julia Garner",USA,21-07-2017,2017,8.7,4 Seasons,Thriller
S0174,Movie,Paatal Lok,Sudip Sharma,"Janhvi Kapoor, Sobhita Dhulipala, Vijay Varma",India,13-12-2020,2013,8,115 Minutes,Crime
S089,TV Show,Paava Kadhaigal,Vignesh Shivan,"Fahadh Faasil, Simran, Kalki Koechlin",India,07-02-2018,2020,6.6,1 Season,Action
S0135,Movie,Paava Kadhaigal,Vignesh Shivan,"Fahadh Faasil, Simran, Kalki Koechlin",India,31-07-2020,2020,7.2,88 Minutes,Action
S0453,TV Show,Pass ever plant state space,Donald Williams,"Mr. Andrew Thompson, Mario Johnson",South Korea,04-11-2021,2021,6.5,5 Seasons,Drama
S0013,TV Show,Peaky Blinders,Steven Knight,"Cillian Murphy, Paul Anderson, Helen McCrory",Germany,30-09-2013,2013,7.9,6 Seasons,Drama
S0131,Movie,Period. End of Sentence.,Rayka Zehtabchi,Various Cast,India,08-12-2022,2018,7.6,86 Minutes,Drama
S0328,Movie,Period. End of Sentence.,Megan Jones,"Keith Jones, Brianna Moody, Dorothy Rodriguez, Melissa Wells",UK,26-09-2021,2021,6.5,81 Minutes,Romance
S0259,Movie,Persuasion,Carrie Cracknell,"Richard George, Andrew Jimenez, Elizabeth Mckinney, Sonia Cabrera",Canada,11-05-2024,2022,6.2,87 Minutes,Drama
S0247,Movie,Phantom Thread,Paul Thomas Anderson,"Jason Romero, Andrea Lambert, Amanda Gordon, Jennifer Salinas, Chad Huang",USA,05-03-2024,2017,7.5,130 Minutes,Drama
S0407,TV Show,Pm seven allow pass,Derek Mcdaniel,"Amy Bennett, Christopher Mccarty, Lawrence Christensen, Penny Williams",Canada,23-01-2024,2018,8.2,6 Seasons,Fantasy
S0406,TV Show,Poor create,Kim Delacruz,"Christina Carpenter, Jesse Anthony",Germany,13-08-2021,2024,8.1,7 Seasons,Medical
S0470,TV Show,Popular week,Brandon Thomas,"Crystal Rose, Mrs. Natasha Fernandez DVM, Leah Newman, Bonnie Luna",India,23-11-2022,2017,8.1,5 Seasons,Crime
S0388,Movie,Price foreign,Stacy Williams,"Amy Contreras, Peter Gibbs, Miranda Blake, Angela Riley",Japan,08-08-2020,2009,7.7,146 Minutes,Comedy
S0220,TV Show,Private Lives,Nam Gun,"Seohyun, Kim Hyo-jin, Tae Won-suk",South Korea,07-03-2021,2020,6.5,1 season,Drama
S0442,TV Show,Product energy,Melissa Bowen,"Jose Wilson, Calvin Hubbard, David Gonzalez, Kristy Marshall",Germany,05-12-2021,2000,7.9,9 Seasons,Romance
S0480,TV Show,Production buy,Steve Reese,"Holly Taylor, Tommy Harris",Canada,30-09-2020,2023,7.9,5 Seasons,Thriller
S0465,TV Show,Protect if reason brother your,Julia Obrien,"Lisa Johnson, Jennifer Green, Nathaniel Kaufman, Reginald Marquez MD",Japan,22-08-2024,2018,7.7,9 Seasons,Fantasy
S0437,Movie,Protect summer,John Hall,"John Russell, Anthony Swanson, Ashley Nelson, Brittany Gallagher",Australia,21-03-2022,2019,7.6,80 Minutes,Action
S0041,Movie,Purple Hearts,Elizabeth Allen Rosenbaum,"Marcia Moody, Ryan Vargas, Anita Anderson",USA,29-07-2022,2022,8.8,122 Minutes,Romance
S0481,TV Show,Push everybody you,Heather Robbins,"William Bernard, Sara Watson, Justin Morgan, Jennifer Murphy",Canada,04-08-2021,2000,8.1,1 Season,Crime
S0087,TV Show,Queer Eye,David Collins,"Jonathan Van Ness, Tan France, Antoni Porowski",USA,23-04-2016,2020,7.6,5 Seasons,Drama
S0132,Movie,Raat Akeli Hai,Honey Trehan,"Nawazuddin Siddiqui, Radhika Apte, Shweta Tripathi",India,23-08-2020,2021,7.8,99 Minutes,Documentary
S0168,Movie,Raat Akeli Hai,Sameer Iqbal,"Ayushmann Khurrana, Nassar, Manoj Pahwa",India,26-03-2021,2020,7.5,85 Minutes,Crime
S0183,Movie,Raat Baaki Hai,Rahul Dev,"Paoli Dam, Anup Soni",India,03-08-2006,2020,8.1,81 Minutes,Mystery
S0158,Movie,Radhe,Christopher Nolan,"Tripti Dimri, Avinash Tiwary, Rahul Bose",India,24-06-2020,2021,1.8,80 Minutes,Action
S0037,Movie,Raising Voices,Eduard Cortés and David Ulloa,"Mary Montgomery, Sharon Brown",Spain,31-05-2024,2024,7.6,169 Minutes,Thriller
S0115,Movie,Rakt Bramhand - The Bloody Kingdom,David Miller,Various Cast,India,31-12-2020,2020,8.2,135 Minutes,Comedy
S0486,TV Show,Range possible,Krystal Williams,"Douglas Richardson, Barbara Jimenez",Canada,25-08-2024,2006,7.6,1 Season,Drama
S0440,TV Show,Read away budget,Kristy Palmer,"Omar Anderson, Adam Huerta",USA,01-12-2023,2013,8.1,1 season,Drama
S0445,TV Show,Reason,Eric Smith,"Andrew Kelley, William Davis, Bruce Fernandez, Bradley Smith, Alexander Graves",Australia,05-06-2021,2006,7.5,1 Seasons,Drama
S0369,Movie,Recently present include,Brittany Strong,"Angela Harris, Mark Williams, Rebecca Allen, Tiffany Adkins",India,20-06-2021,2017,7.7,86 Minutes,Crime
S0392,Movie,Require test my never,Samuel Robbins,"Tamara Cruz, Angelica Richardson",Germany,18-01-2022,2022,8.1,148 Minutes,Drama
S0330,Movie,Roar of the Lion,Kyle Guerrero,"Micheal Fowler, Catherine Hines",Japan,26-12-2020,2004,8.2,95 Minutes,Comedy
S0456,TV Show,Rule where,Mrs. Kristy Holland,"Ashley Nguyen, Philip Johnson",UK,27-07-2020,2017,7.9,1 Season,Drama
S0317,TV Show,Sachin - A Billion Dreams,Alexander Phillips,"Fernando Ward, Stacy Mcguire, Paul Guerra, Kevin Wagner",Germany,06-04-2020,2009,7.6,2 Seasons,Thriller
S085,TV Show,Sacred Games,Anurag Kashyap,"Nawazuddin Siddiqui, Saif Ali Khan, Radhika Apte",India,18-12-2020,2022,7.6,1 Season,Drama
S0162,Movie,Sardar Ka Grandson,Homi Adajania,"Bhuvan Bam, Various Cast",India,31-07-2020,2020,6.9,98 Minutes,Drama
S0307,Movie,Sarvam Shakthi Mayam,Erica Mccullough,"Christopher Perez, Kevin Schwartz, Ryan Martin",Canada,23-05-2022,2024,8,87 Minutes,Crime
S0336,Movie,Satyamev Jayate,Anthony Gallagher,"Ethan Smith, Andrea Gomez, Bruce Watkins, Brittany Martin",UK,20-01-2023,2015,7.8,98 Minutes,Thriller
S0325,TV Show,Secrets of the Buddha Relics,Elizabeth Casey,"Ryan Acevedo, Amanda Weaver, Kimberly Simpson, Keith Lang",South Korea,01-05-2024,2002,8.1,1 season,Romance
S0347,Movie,Seek hundred,Abigail Stuart,"Michael Rodriguez, Maria Walker, Jessica Lopez MD",France,03-04-2023,2009,7.4,87 Minutes,Thriller
S0134,Movie,Selection Day,David Williams,"Mohammed Samad, Rajat Barmecha, K.K. Raina",India,21-06-2020,2021,7.4,116 Minutes,Drama
S0223,TV Show,Sell Your Haunted House,Park Jin-seok,"Jang Na-ra, Jung Yong-hwa, Kang Mal-Geum",South Korea,21-06-2024,2021,8.3,1 season,Action
S0091,Movie,Selling Sunset,Emma Watson,"Chrishell Stause, Jason Oppenheim, Mary Fitzgerald",USA,24-07-2020,2020,6.9,92 Minutes,Reality
S0420,TV Show,Serious by,John Richmond,"Ryan Young, Tiffany Montgomery, Heather Taylor, David Bowers, Kenneth Conrad",Australia,18-02-2022,2000,8,9 Seasons,Horror
S0394,Movie,Serious few inside task,Melody Hall,"Andrew Cox, Wanda Turner",Germany,08-04-2021,2013,7.9,158 Minutes,Crime
S0254,Movie,Set It Up,Claire Scanlon,"Margaret Bell, Kelly Byrd, Courtney Rodriguez, Pamela Brown, Miguel Becker",Germany,16-03-2021,2018,6.6,85 Minutes,Drama
S0055,TV Show,Sex Education,"Asa Butterfield, Gillian Anderson, Ncuti Gatwa","Denise Young, Peter Smith",United Kingdom,11-01-2020,2018,7.3,5 Seasons,Drama
S0047,TV Show,Shadow and Bone,"Jessie Mei Li, Ben Barnes, Archie Madekwe","Jonathan Bryant, Amber Mccarthy, Candice Pierce",USA,23-04-2021,2021,8.6,2 Seasons,Fantasy
S0474,TV Show,Share,Anthony Larson,"Dylan Cunningham, Nicholas Morales, Thomas Murphy, Angela Anderson",Japan,04-08-2020,2017,8.1,1 Season,Mystery
S0287,Movie,Shirkers,William Tyler,"Robin Anderson, Brittany White, Jonathan Owens, Jessica Allen",USA,20-04-2022,2018,7.3,90 Minutes,Documentary
S0354,Movie,Sign dog,Kimberly Gomez,"Kenneth Morgan, Alejandro Walker, Michael Bailey, Jesse Salazar, Brittney Harper",UK,13-08-2022,2017,8.2,90 Minutes,Musical
S0420,Movie,Sing consumer work together local,Eric Wolf,"Mr. Jeffrey Parsons, Martha Ruiz, Michael Mitchell, Matthew Aguilar",Japan,03-08-2024,2022,7.2,121 Minutes,Action
S0479,TV Show,Sing possible,Donna Silva,"Roberta Hahn, Vanessa Lozano, Joseph Mendoza",Germany,22-11-2021,2012,8.2,4 Seasons,Thriller
S0364,Movie,Single lay age,Kenneth Alvarez,"Annette Hughes, Bradley Lopez MD",France,30-12-2021,2003,7.7,127 Minutes,Horror
S0423,Movie,Sister shoulder,Robin Carrillo,"Melissa Morales, Carrie Ayala",France,16-04-2024,2021,7.2,144 Minutes,Mystery
S0353,Movie,Situation house,Heidi Carter,"Dustin Jordan, Erin Baker",South Korea,06-12-2024,2008,8.3,86 Minutes,Romance
S0078,TV Show,Six Nations: Full Contact,"Danny DeVito, Various Cast Members","Kent Garrison, Angela Thompson, Virginia Ballard, Jonathan Dunlap",USA,07-02-2020,2023,8,1 Season,Reality
S0491,TV Show,Small respond,Tanya Morgan,"Jessica Aguirre, Jennifer Jones, Stephen Kramer",Australia,20-09-2023,2021,7.2,1 Season,Drama
S0428,Movie,Somebody,Paul Parker,"Chelsea Smith, Victor Adams",UK,17-07-2023,2013,8.2,131 Minutes,Crime
S0066,TV Show,Somebody Feed Phil,Phil Rosenthal,"Omar Gates, Mr. Stephen Garcia, Crystal Wilson, Katherine Bryant, Kelly Davis",USA,12-01-2018,2022,7.6,7 Seasons,Documentary
S0250,Movie,Someone Great,Jennifer Kaytin Robinson,"Timothy Case, Susan Matthews, Christopher Fernandez",France,18-12-2024,2018,6.2,92 Minutes,Comedy
S0222,TV Show,Son: The Guest,Kim Hong-sun,"Kim Dong-wook, Kim Jae-Wook, Jung Eun-chae",South Korea,26-08-2022,2018,7.6,1 season,Mystery
S0294,Movie,Sour Grapes,Susan Weber,"Christopher Stephens, Jason Lang, William Wheeler, Chad Cuevas",South Korea,28-11-2022,2016,7.2,90 Minutes,Documentary
S0416,Movie,Southern hold law enter pass,Angela Morales,"Margaret Adams, Mario Hill",India,20-09-2020,2011,8.1,125 Minutes,Medical
S0402,Movie,Specific western,Sarah Abbott,"Abigail Holmes, Thomas Rodriguez, Taylor Long, Emma Kelley",Japan,09-12-2022,2017,8.1,156 Minutes,Comedy
S0478,TV Show,Spring model,Christine Barnes,"Marisa Williams, Michael Simmons",Australia,12-08-2022,2013,8.1,3 Seasons,Drama
S0075,TV Show,Sprint,"Nicolas Cage, Various Cast Members","Sydney Reed, Emma Rogers, Larry Hooper, Jared Barber",UK,27-08-2022,2022,7.4,1 Season,Drama
S0035,TV Show,Spy x Family,Kazuhiro Furuhashi,"Cynthia Caldwell, Dean Carrillo, Jose Daniel",Japan,09-04-2022,2022,8.1,1 Season,Anime
S0030,TV Show,Squid Games,Hwang Dong-hyuk,"Lee Jung-jae, Park Hae-soo, Wi Ha-joon",South Korea,17-09-2021,2021,7.1,1 Season,Thriller
S0278,TV Show,Stephen Fry in America,Christopher Spencer,"Angela Collins, Spencer Vaughn, Jason Smith",UK,22-01-2023,2008,7.9,1 season,Travel
S0004,TV Show,Stranger Things,The Duffer Brothers,"Winona Ryder, David Harbour, Millie Bobby Brown",USA,15-07-2016,2016,9,4 Seasons,Sci Fi
S0391,TV Show,Style happen economy win eat,Scott Smith,"David Ball, Eric Rice, Morgan Sullivan, Anthony Burke, James Williams",India,05-08-2023,2007,7.9,7 Seasons,Romance
S0380,Movie,Successful economic again guess,Lynn Sanders,"Veronica Terry, Monique Stark, Jamie Clarke",South Korea,01-09-2021,2017,8.2,86 Minutes,Musical
S0028,TV Show,Suits,"Gabriel Macht, Aaron Korsh","James Boyd, Alexander Miller, Jerry Brown, Lance Ramirez, Lisa Obrien",USA,08-06-2011,2011,7.3,9 Seasons,Drama
S0187,Movie,Talaash,Reema Kagti,"Aamir Khan, Rani",India,15-05-2022,2005,8,126 Minutes,Mystery
S0224,TV Show,Taxi Driver,Park Joon-woo,"Lee Je-hoon, Kim Eui-sung, Pyo Ye-jin",South Korea,18-05-2023,2021,8.2,1 season,Fantasy
S0427,TV Show,Team arrive,Claire Garner,"Brittney Luna, Erik Walker, Micheal Bradshaw",Canada,07-02-2022,2003,8.3,7 Seasons,Thriller
S0489,TV Show,Tell article language place,Kelly Franklin,"Donald Palmer, Wendy Holmes",Germany,29-01-2021,2022,7.7,4 Seasons,Comedy
S0118,TV Show,The Archies,Mark Brown,"Agastya Nanda, Suhana Khan, Khushi Kapoor",India,03-03-2022,2021,8,1 Seasons,Drama
S0084,Movie,The Boyfriend,"Ben Affleck, Various Cast Members","Joseph Thomas, Ryan Harrison, Nicole Clements, Suzanne Gallagher",India,14-02-2022,2022,6.5,97 Minutes,Thriller
S0077,TV Show,The Circle,Various Cast Members,"Kevin Smith, Corey Hamilton, Russell Howard, Samantha Moreno, Arthur Gonzalez",USA,01-01-2020,2022,7.3,5 Seasons,Reality
S0082,TV Show,The Comeback: The 2004 Red Sox,"Bill Simmons, Various Cast Members","Logan Costa, Lisa Thomas, Michael Herring, Cynthia Johnson",USA,09-09-2021,2020,7.5,1 Season,Drama
S0097,TV Show,The Comeback: The 2004 Red Sox,Chris Hegedus,"Vicky Kaushal, Angira Dhar, Alankrita Shrivastava",South Africa,09-03-2022,2021,7.8,1 Season,Sports
S0241,Movie,The Conversation,Francis Ford Coppola,"Gene Hackman, John Cazale, Allen Garfield",India,22-01-2020,2018,7.7,113 Minutes,Thriller
S0043,TV Show,The Crown,"Claire Foy, Matt Smith, Olivia Colman","Cynthia Caldwell, Dean Carrillo, Jose Daniel",United Kingdom,04-11-2016,2016,8.2,6 Seasons,Drama
S0138,TV Show,The Disciple,Vikramaditya Motwane,"Aditya Modak, Arun Dravid, Sumati Jadhaw",India,26-01-2021,2022,7.8,1 Season,Thriller
S0137,TV Show,The Elephant Whisperers,Anjali Patel,Various Cast,India,21-11-2020,2021,7.8,1 Season,Drama
S0282,Movie,The Endless Summer,Patricia Garcia,"Thomas Harris, Susan Williamson",USA,12-01-2022,2016,7.6,95 Minutes,Documentary
S0283,Movie,The Epic of Everest,Adam Brown,"Cristina Boyer, Teresa Noble, Debra Thomas, Linda Burke, Dana Chavez",USA,01-08-2021,2024,7.6,85 Minutes,Documentary
S086,TV Show,The Fame Game,Bejoy Nambiar,"Madhuri Dixit, Sanjay Kapoor, Manav Kaul",India,25-12-2022,2021,6.8,1 Season,Thriller
S0324,Movie,The Farthest,Chelsea Long,"Rebecca Washington, Jordan Powell",Japan,15-04-2024,2003,7.5,83 Minutes,Drama
S0176,Movie,The Forgotten Army – Azaadi Ke Liye,Kabir Khan,"Jake Dunn, Thomas Garcia, Jamie Cunningham",India,31-03-2021,2020,7.7,18 Minutes,Drama
S0156,Movie,The Girl on the Train,Neeraj Pandey,"Tiger Shroff, Shraddha Kapoor, Riteish Deshmukh",India,07-02-2020,2020,6,81 Minutes,Horror
S0239,Movie,The Girl with the Dragon Tattoo,Niels Arden Oplev,"Michael Nyqvist, Noomi Rapace, Ewa Fröling",South Korea,22-11-2023,2009,7.8,152 Minutes,Drama
S0088,TV Show,The Great Indian Kapil Show,Kapil Sharma,"Kapil Sharma, Krushna Abhishek, Archana Puran Singh",India,05-09-2016,2021,7.5,1 Season,Reality
S088,TV Show,The Great Indian Kapil Show,Kapil Sharma,"Kapil Sharma, Krushna Abhishek, Archana Puran Singh",India,23-03-2022,2023,7.8,1 Season,Crime
S0255,Movie,The Guernsey Literary & Potato Peel Pie Society,Mike Newell,"Robert Pearson, Miss Courtney King MD",UK,14-01-2023,2018,6.8,124 Minutes,Drama
S0052,TV Show,The Haunting of Hill House,"Michiel Huisman, Carla Gugino, Elizabeth Reaser","Lauren Williams, Stacey Fernandez, Pamela Simmons, Brittany Perez",USA,12-08-2018,2022,8.6,1 Season,Horror
S0083,TV Show,The Indrani Mukerjea Story: Buried Truth,"Priyanka Chopra, Various Cast Members","Stephanie Brown, Steven Kim, Crystal Deleon, Valerie Garcia, Kara Lawrence",USA,04-03-2022,2020,6.8,1 Season,Crime
S0211,TV Show,The Interest of Love,Yoo Je-won,"Yoo Yeon-seok, Moon Ga-young, Keum Sae-rok",South Korea,07-12-2022,2022,6.5,1 season,Romance
S0272,TV Show,The Keepers,Darren Jordan,"Adam May, Jason Perez",USA,26-02-2024,2017,8,1 season,Crime
S0065,TV Show,The Kings of Tupelo: A Southern Crime Saga,"Shea Whigham, Jovan Adepo, Brian Tyree Henry","Christian Oneal, Jesse Cook, Erik Taylor, Kyle Zuniga",USA,09-11-2022,2015,7.3,1 Season,Reality
S0024,Movie,The Kissing Booth,Vince Marcello,"Joey King, Jacob Elordi, Joel Courtney",USA,11-05-2018,2018,7.1,85 Minutes,Romance
S0025,Movie,The Kissing Booth 2,Vince Marcello,"Joey King, Jacob Elordi, Taylor Zakhar Perez",USA,24-07-2020,2020,7.6,130 Minutes,Romance
S0026,Movie,The Kissing Booth 3,Vince Marcello,"Joey King, Jacob Elordi, Joel Courtney",USA,11-08-2021,2021,7.9,112 Minutes,Romance
S0236,Movie,The Lady Vanishes,Alfred Hitchcock,"Margaret Lockwood, Michael Redgrave, Paul Lukas",UK,06-09-2023,2012,7.7,96 Minutes,Thriller
S0062,TV Show,The Last Dance,"Michael Jordan, Scottie Pippen, Dennis Rodman","Michelle Lowe, Brian Mathews",United Kingdom,20-04-2020,2020,7.9,1 Season,Sports
S0257,Movie,The Last Letter From Your Lover,Augustine Frizzell,"Christina Santos, Brandon Rodriguez Jr., Tony Pierce, Kathleen Jordan, Thomas Black",South Korea,01-03-2022,2021,6.6,18 Minutes,Romance
S038,Movie,The Last Tourist,Brandon Maddox,"Mary Thompson, Chad Welch, Leslie Murphy, Rodney Wall, Alexander Ford",India,28-08-2024,2000,7.2,86 Minutes,Thriller
S0160,Movie,The Lift Boy,Imtiaz Ali,"Irrfan Khan, Nimrat Kaur, Nawazuddin Siddiqui",India,08-03-2018,2021,7.2,135 Minutes,Drama
S0265,Movie,The Lovebirds,Michael Showalter,"Stephanie Mcgee, Elizabeth Pugh, Charles Mendez",Australia,27-04-2023,2020,5.7,86 Minutes,Drama
S0163,Movie,The Lunchbox,Kunal Deshmukh,"Saif Ali Khan, Kunaal Roy Kapur, Sobhita Dhulipala",India,12-02-2020,2020,7.8,139 Minutes,Drama
S0179,Movie,The Lunchbox,Ritesh Batra, Irrfan Khan,India,07-08-2020,2020,7.3,129 Minutes,Drama
S0070,TV Show,The Magic Prank Show with Justin Willman,"Justin Willman, Various Cast Members","Vincent Conley, Derrick Blanchard, Brad Rodriguez, Kevin Stevenson, Ryan Nichols",USA,20-05-2022,2022,7.8,1 Season,Reality
S084,TV Show,The Magic Prank Show with Justin Willman,John Hamaguchi,"Marcia Moody, Ryan Vargas, Anita Anderson",USA,15-03-2022,2022,7.5,1 Season,Superhero
S0040,Movie,The Meg,Jon Turteltaub,"Mary Montgomery, Sharon Brown",USA,01-12-2018,2018,6.5,113 Minutes,Thriller
S0057,TV Show,The Midnight Club,"Iman Benson, Adia, Ruth Codd","Scott Smith, Nicholas Chandler, Jennifer Page, Douglas Smith",USA,07-08-2022,2022,7.2,1 Season,Horror
S0365,Movie,The notice hundred,James Wells,"Robert Williams, Lisa Powell",Canada,20-08-2024,2019,7.6,89 Minutes,Crime
S0021,TV Show,The Originals,"Julie Plec, Kevin Williamson","Joseph Morgan, Daniel Gillies, Phoebe Tonkin",USA,23-08-2013,2013,7.4,5 Seasons,Thriller
S0048,TV Show,The Queen's Gambit,"Anya Taylor-Joy, Thomas Brodie-Sangster, Marielle Heller","Gabriel Payne, Kimberly Martin, Michelle Johnston",USA,23-08-2020,2020,8,1 Season,Drama
S0113,TV Show,The Railway Men,William Johnson,"R. Madhavan, Kay Kay Menon, Divyenndu Sharma",India,04-09-2021,2021,7.2,1 Season,Bollywood
S0125,Movie,The Romantics,Zoya Akhtar,"Mary Montgomery, Sharon Brown",India,07-05-2021,2020,7.5,123 Minutes,Thriller
S0136,TV Show,The Royals,Mark Johnson,"Elizabeth Hurley, William Moseley, Alexandra Park",India,21-08-2020,2020,7.7,1 Season,Comedy
S0056,TV Show,The Sandman,"Tom Sturridge, Boyd Holbrook, Charles Dance","Tom Myers, Dr. Dawn Garcia, Christopher Miller, Kim Velasquez, Brandon Cooley",USA,05-08-2022,2022,7.9,1 Season,Fantasy
S0230,TV Show,The School Nurse Files,Lee Kyung-mi,"Jung Yu-mi, Nam Joo-hyuk, Shim Dal-gi",South Korea,08-02-2020,2013,8,1 season,Crime
S0200,TV Show,The Seven Deadly Sins,Tensai Okamura and Noriyuki Abe,"Yuki Kaji (Meliodas), Sora Amamiya (Elizabeth Liones)",Japan,03-04-2015,2014,8.7,5 Seasons,Anime
S0315,Movie,The Silence of Swastika,Kylie Gregory,"Thomas Wallace, Erik Rowe, Angela Jennings, Christopher Wolf, Belinda Cunningham",Canada,17-11-2021,2005,7.5,84 Minutes,Thriller
S0238,Movie,The Silence of the Lambs,Jonathan Demme,"Jodie Foster, Anthony Hopkins, Scott Glenn",Germany,12-08-2022,2015,8.6,118 Minutes,Thriller
S0216,TV Show,The Sound of Your Heart,Ha Byung-hoon,"Lee Kwang-soo, Kim Dae-myung, Jung So-Minutes",South Korea,22-11-2021,2016,8.1,1 season,Thriller
S0275,Movie,The Thin Blue Line,Garrett Campbell,"Christopher Hensley, Kimberly Velez, Kyle Lucas, Melissa Smith",USA,04-06-2021,2022,7.9,81 Minutes,Crime
S0067,TV Show,The Toys That Made Us,Various Cast Members,"Angela Hill, Jesus George, Sara Armstrong, Eugene Smith, James White",USA,22-12-2017,2017,8.3,3 Seasons,Crime
S0085,TV Show,The Toys That Made Us,"Harry Jowsey, Francesca Farago, Camilla Romestrand","Gabrielle Bass, David Cooke",USA,01-01-2020,2022,7.8,4 Seasons,Crime
S0063,Movie,The Trial of the Chicago 7,"Eddie Redmayne, Sacha Baron Cohen, Mark Rylance","Alexa Wilson, Duane Escobar, Ryan Brown",USA,25-09-2020,2020,7.6,139 Minutes,Drama
S0076,TV Show,The Trust: A Game of Greed,"Sarah Paulson, Various Cast Members","James Soto, Julie Cervantes, David Travis",USA,12-08-2021,2020,6.7,1 Season,Drama
S0060,Movie,The Two Popes,"Anthony Hopkins, Jonathan Pryce, Juan Minutesujín","Meghan Simpson, Joseph Mack",United Kingdom,27-11-2020,2020,8.7,125 Minutes,Drama
S0096,TV Show,The Ultimatum: South Africa,Liam Neeson,"Rajkummar Rao, Dulquer Salmaan, Adarsh Gourav",USA,04-08-2022,2020,7.1,1 Season,Reality
S0046,TV Show,The Umbrella Academy,"Elliot Page, Tom Hopper, David Castañeda","Marcia Moody, Ryan Vargas, Anita Anderson",Canada,02-05-2018,2018,7.9,3 Seasons,Superhero
S0212,TV Show,The Uncanny Counter,Yoo Seon-dong,"Jo Byeong-gyu, Yoo Joon-sang, Kim Sejeong",South Korea,07-08-2023,2020,8,1 season,Fantasy
S0020,TV Show,The Vampire Diaries,"Julie Plec, Kevin Williamson","Nina Dobrev, Ian Somerhalder, Paul Wesley",USA,01-08-2020,2009,7.9,8 Seasons,Thriller
S0268,TV Show,The Vietnam War,Brian Meyer,"Carla King, Amanda Hughes, Joseph Moreno, Jessica Vargas, Jill Reyes",USA,29-06-2022,2017,9.1,1 season,History
S0154,Movie,The White Tiger,Sanjay Gupta,"Chris Hemsworth, Rudhraksh Jaiswal, Golshifteh Farahani",India,04-12-2020,2020,7.1,131 Minutes,Drama
S0044,TV Show,The Witcher,"Henry Cavill, Anya Chalotra, Freya Allan","Mr. Cory Nunez DVM, Randall Henson",Poland,20-12-2020,2020,7.4,3 Seasons,Fantasy
S0054,TV Show,The Witcher: Blood Origin,"Michelle Yeoh, Laurence O'Fuarain, Sophia Brown","Lisa Ortiz, Briana Marshall",United Kingdom,25-12-2022,2022,7.7,1 Season,Fantasy
S0475,TV Show,Thing bag,Autumn Warren,"Michael Miller, Corey Golden, Chad Berry, Douglas Rodriguez",Australia,06-12-2024,2012,8.3,1 Season,Thriller
S0362,Movie,Those open president region,Jennifer James,"Derek Johnson, Marissa Moreno, Valerie Miller, Angela Ryan",Australia,26-12-2021,2017,7.9,81 Minutes,Thriller
S0232,TV Show,Those Who Read the Hearts of Evil,Lee Jung-hyo,"Kim Nam-gil, Jin Seon-kyu, Ryeoun",South Korea,25-03-2024,2008,8.1,1 season,Mystery
S0471,TV Show,Thus left star white,Deanna Lindsey,"Bonnie Rogers DVM, James Graham, Samantha Hoover, Anne Phillips",South Korea,24-08-2023,2017,7.2,1 Season,Mystery
S0301,Movie,To Kill a Tiger,Yolanda Hamilton,"Glenda Delgado, Diane Wilson, Nicole Carey, Laura Collier, David Villarreal",Germany,23-08-2023,2020,7.5,118 Minutes,Fantasy
S0490,TV Show,Tonight full need,Jessica Austin,"Aaron Gardner, Laurie Lopez, Elizabeth Smith",UK,28-08-2023,2024,7.9,1 Season,Romance
S0384,TV Show,Tonight head,Lisa Brown,"Michael Johnson, Christopher Duncan",Germany,23-11-2021,2003,7.9,2 Seasons,Drama
S0086,TV Show,Too Hot to Handle,Chris Coelen,"Camilla Romestrand, Harry Jowsey, Francesca Farago",USA,07-02-2018,2022,7.9,7 Seasons,Drama
S083,TV Show,Too Hot to Handle: Germany,Robin Scott,"Mary Montgomery, Sharon Brown",Germany,25-02-2022,2018,7.5,1 Season,Reality
S0153,Movie,Toolsidas Junior,Divya Khosla Kumar,"Parineeti Chopra, Aditi Rao Hydari, Kirti Kulhari",India,06-03-2020,2021,7.4,127 Minutes,Drama
S0145,Movie,Torbaaz,Akash Bhatia,"Sanjay Dutt, Nargis Fakhri, Rahul Dev",India,07-01-2022,2021,5.1,115 Minutes,Crime
S02018,TV Show,Touch Your Heart,Park Bae-jong,"Lee Dong-wook, Lee Sang-woo, Son Sung-yoon",South Korea,06-11-2021,2020,7.6,1 season,Comedy
S0383,TV Show,Travel civil college purpose,Andrew Cohen,"Beth Torres, Courtney FleMinutesg, Amanda Miranda",Japan,12-06-2023,2017,8.2,6 Seasons,Romance
S0484,TV Show,Trip,Jason Romero,"Ryan Farmer, Jon Baker, Christopher Villegas",Germany,31-08-2022,2011,7.7,1 Season,Musical
S0151,Movie,Tughlaq Durbar,Manish Sharma,"Adarsh Gourav, Priyanka Chopra, Rajkummar Rao",India,24-04-2020,2021,7.6,89 Minutes,Drama
S0178,Movie,Tumbbad,Rahi Anil Barve,"Sohum Shah, Jyoti Malshe",India,22-03-2020,2011,8.2,129 Minutes,Horror
S0444,TV Show,Two happy course,Charles Marshall,"David Smith, Jessica Watson, Debra Hamilton, Trevor Edwards",India,18-02-2021,2009,8,7 Seasons,Comedy
S0261,Movie,Two Lovers,James Gray,"Michelle Carpenter, Laura Baker, Claire Wilson, Erik Riley, Mark Campbell",India,31-08-2023,2008,6.5,89 Minutes,Drama
S0378,Movie,Type take,Bridget Brewer,"John Rodriguez, Charles Hernandez, Tracy Cruz, Larry Jones",India,13-06-2021,2006,8.1,86 Minutes,Thriller
S0281,TV Show,Ugly Delicious,Isabel Vega,"Randy Harvey, Matthew Wilson, Ronald Hill",USA,14-03-2024,2018,7.7,1 season,Food
S0141,Movie,Uma Maheswara Ugra Roopasya,Prashant Nair,"Satyadev Kancharana, Naresh, Raghubabu",India,21-08-2020,2021,5.2,134 Minutes,Drama
S0098,TV Show,Unscripted,George Clooney,"Cardi B, Chance the Rapper, T.I.",USA,09-02-2021,2020,7.6,1 Season,Sports
S0333,Movie,Until I Fly,John Anderson,"James Williams, Alexandra Brewer, Barbara Curtis",USA,21-11-2022,2014,7.7,88 Minutes,Fantasy
S0221,TV Show,Vagabond,Yoo In-sik,"Lee Seung-gi, Bae Suzy, Moon Jeong-Hee",South Korea,13-02-2020,2020,8.1,1 season,Crime
S0023,Movie,Venom,Ruben Fleischer,"James Boyd, Alexander Miller, Jerry Brown, Lance Ramirez, Lisa Obrien",USA,03-12-2021,2018,8.2,112 Minutes,Action
S0372,Movie,Visit pretty science per,Mercedes Marks,"Leslie Campbell, Mrs. Julie Allen, Cathy Miller, Steven Hill",Germany,28-09-2021,2003,8,82 Minutes,Crime
S0397,TV Show,Wear sell,Michelle Conley,"Kimberly Bates, Joyce Montgomery, Robert Bowman, Don Wallace, Steven Cooper",Australia,21-06-2020,2023,7.5,2 Seasons,Musical
S0341,Movie,Wedding.con,George Robbins,"Kevin Martin, Christopher Lee, Kimberly Thomas, Anthony Sanders, Patricia Holmes",Germany,14-03-2024,2001,7.5,118 Minutes,Mystery
S0003,TV Show,Wednesday,Tim Burton,"Jenna Ortega, Catherine Zeta-Jones, Luis Guzmán",USA,23-11-2022,2022,8.7,1 Season,Thriller
S0460,TV Show,Week true movie think of,Eric Thomas,"Jodi Tyler, Anita Knox, Justin Young, Mrs. Sheri Rowe",Canada,26-09-2022,2002,7.7,1 Season,Crime
S0217,TV Show,Weightlifting Fairy Kim Bok-Joo,Oh Hyun-jong,"Lee Sung-kyung, Nam Joo-hyuk, Lee Jae-yoon",South Korea,02-02-2022,2016,8.3,1 season,Romance
S0499,TV Show,Western large,Eric Martinez,"Samuel Anderson, Miss Nicole Rodgers, Karina Miller, Daniel Miller",South Korea,27-02-2020,2019,7.9,9 Seasons,Comedy
S0005,TV Show,When the Phone Rings: Limited Series,Karthik Krishnan,"Aahana Kumra, Rajeev Khandelwal",India,25-11-2023,2023,6.3,1 Season,Drama
S0326,TV Show,While We Watched,Dustin Golden,"Isabella Elliott, Sara Brown DDS, Tyler Murphy, Kevin Powell, Anthony Phillips",Australia,20-04-2023,2017,8.3,1 season,Drama
S0439,Movie,Whom,Robert Lewis,"Steven Gilbert, Stephen Moody, David Morales",India,03-08-2024,2021,7.9,83 Minutes,Romance
S0417,Movie,Whom series truth,Martin Price,"Yvette Smith, Johnny Medina, Paula Howell, Roy Rogers",India,15-06-2022,2013,7.7,63 Minutes,Fantasy
S0271,TV Show,Wild Wild Country,Jodi Walker,"Dylan Fletcher, William Gilmore, Julie Smith, Christopher Vaughn, Christopher Wallace",USA,14-08-2024,2018,8.1,1 season,Crime
S0206,TV Show,Wok of Love,Park Sun-ho,"Lee Jun-ho, Jang Hyuk, Jung Ryeo-won",South Korea,05-05-2023,2018,7.5,1 season,Drama
S0476,TV Show,Work number lay interview,Stephanie Alexander,"Kelly Freeman, Wanda Wright, Sandra Koch DVM, Vincent Hughes",India,03-08-2023,2013,8.2,1 Season,Crime
S0073,TV Show,Worst Ex Ever,"Emma Stone, Various Cast Members","Anthony Richardson II, Brian White, Karla Harris",UK,08-08-2020,2021,8.1,1 Season,Reality
S0071,TV Show,Worst Roommate Ever,Various Cast Members,"Ann Buchanan, Timothy Stark, Angela Allen, Aaron Moss",USA,26-03-2021,2020,6.6,1 Season,Reality
S0338,Movie,Writing with Fire,Reginald Berry,"Daniel Hernandez MD, Billy Grant, Daniel Miller, Mrs. Carol Wright, Lisa Owen",Australia,21-07-2020,2017,7.6,92 Minutes,Horror
S0007,TV Show,Yeh Kaali Kaali Ankhein,Siddharth Sengupta,"Tahir Raj Bhasin, Shweta Tripathi, Anchal Singh",India,14-01-2022,2022,7.8,1 Season,Thriller
S0318,TV Show,Yo Yo Honey Singh: Famous,Jessica Brooks,"Zachary Thompson, David Myers, Thomas Mclaughlin",Canada,06-03-2021,2021,8,4 Seasons,Thriller
S0231,TV Show,Yong Pal,Oh Jin-seok,"Joo Won, Kim Tae-hee, Jo Hyeon-jae",South Korea,12-09-2023,2021,7.8,1 season,Crime
S0038,TV Show,You,"Sera Gamble, Greg Berlanti","Marcia Moody, Ryan Vargas, Anita Anderson",USA,09-09-2018,2018,6.8,5 Seasons,Romance
S0355,Movie,Yourself run agency after street,Lori Griffin,"Brandi Kaiser, James Howell, Sherry Jones, Adam Cooper, Elizabeth Bates MD",USA,02-12-2022,2011,6.5,84 Minutes,Action
S0343,Movie,Zende,Bradley Fernandez,"Maria Lee, Luke Larson, Alexandria Rogers DDS",France,28-02-2024,2023,7.3,124 Minutes,Crime
S0184,Movie,Zindagi Na Milegi Dobara,Zoya Akhtar,"Hrithik Roshan, Katrina Kaif",India,09-04-2023,2006,8.5,111 Minutes,Drama
